filename,words
1734604302_crop_0.jpg,6b85e
1734604304_crop_0.jpg,awkp8
1734604299_crop_0.jpg,cp8xk
1734604301_crop_0.jpg,g52h7
1734604303_crop_0.jpg,cxp5m
1734604305_crop_0.jpg,mhxg2
1734604306_crop_0.jpg,2k7xd
1734604307_crop_0.jpg,a37h7
1734604308_crop_0.jpg,dm32h
1734604309_crop_0.jpg,x28f5
1734604310_crop_0.jpg,y2r6x
1734604312_crop_0.jpg,6cmkm
1734604313_crop_0.jpg,3m826
1734604314_crop_0.jpg,38ge3
1734604315_crop_0.jpg,4r32h
1734604316_crop_0.jpg,3yc2a
1734604317_crop_0.jpg,2f3hc
1734604318_crop_0.jpg,48n4f
1734604319_crop_0.jpg,ny2pr
1734604320_crop_0.jpg,kye7f
1734604321_crop_0.jpg,mr585
1734604322_crop_0.jpg,w5p7k
1734604323_crop_0.jpg,5gmmr
1734604324_crop_0.jpg,ek46e
1734604326_crop_0.jpg,d6fm7
1734604327_crop_0.jpg,df6kw
1734604328_crop_0.jpg,cw7xh
1734604329_crop_0.jpg,na47k
1734604330_crop_0.jpg,3r54b
1734604331_crop_0.jpg,hfk4y
1734604332_crop_0.jpg,6fgh7
1734604333_crop_0.jpg,rgp4r
1734604334_crop_0.jpg,r7532
1734604335_crop_0.jpg,g5m5d
1734604336_crop_0.jpg,dadm2
1734604337_crop_0.jpg,m2br2
1734604339_crop_0.jpg,mk4eh
1734604340_crop_0.jpg,f3xya
1734604341_crop_0.jpg,6pwpk
1734604342_crop_0.jpg,kp5wy
1734604343_crop_0.jpg,86np5
1734604344_crop_0.jpg,wxfp6
1734604345_crop_0.jpg,dyc7x
1734604346_crop_0.jpg,ky453
1734604347_crop_0.jpg,rdbm6
1734604348_crop_0.jpg,8f4xy
1734604349_crop_0.jpg,mgpy3
1734604350_crop_0.jpg,web85
1734604352_crop_0.jpg,pw2dw
1734604353_crop_0.jpg,ww5w8
1734604354_crop_0.jpg,e786e
1734604355_crop_0.jpg,53kc8
1734604356_crop_0.jpg,n37rm
1734604357_crop_0.jpg,mr752
1734604358_crop_0.jpg,ynmr4
1734604359_crop_0.jpg,h5ehf
1734604360_crop_0.jpg,3b57c
1734604361_crop_0.jpg,d7h2e
1734604363_crop_0.jpg,d48mc
1734604364_crop_0.jpg,52bd3
1734604365_crop_0.jpg,n6rpn
1734604366_crop_0.jpg,25w5b
1734604367_crop_0.jpg,p3bk5
1734604368_crop_0.jpg,rp2y5
1734604369_crop_0.jpg,4wx7e
1734604370_crop_0.jpg,y3cgb
1734604371_crop_0.jpg,ga8g2
1734604372_crop_0.jpg,xd325
1734604374_crop_0.jpg,b5536
1734604375_crop_0.jpg,a2g5y 
1734604376_crop_0.jpg,567be
1734604377_crop_0.jpg,2mkp4
1734604378_crop_0.jpg,m6kd7
1734604379_crop_0.jpg,2x54g
1734604380_crop_0.jpg,7835r
1734604381_crop_0.jpg,4k4kf
1734604383_crop_0.jpg,m27de
1734604384_crop_0.jpg,5a3h5
1734604385_crop_0.jpg,rawc7
1734604386_crop_0.jpg,8ad4x
1734604387_crop_0.jpg,33akw
1734604388_crop_0.jpg,m5aw5
1734604389_crop_0.jpg,f257p
1734604390_crop_0.jpg,bm3mh
1734604391_crop_0.jpg,nd3pw
1734604399_crop_0.jpg,w844m
1734604401_crop_0.jpg,5pfr8
1734604403_crop_0.jpg,gy82w
1734604404_crop_0.jpg,e62pg
1734604405_crop_0.jpg,w7mmg
1734604406_crop_0.jpg,58xce
1734604407_crop_0.jpg,w3k6c
1734604408_crop_0.jpg,eb4h7
1734604409_crop_0.jpg,2fdb6
1734604411_crop_0.jpg,he5ce
1734604412_crop_0.jpg,8xcx4
1734604413_crop_0.jpg,23knk
1734604414_crop_0.jpg,c5fre
1734604415_crop_0.jpg,2hcr5
1734604416_crop_0.jpg,mm4rh
1734604417_crop_0.jpg,r837n
1734604418_crop_0.jpg,4n2gr
1734604419_crop_0.jpg,gxe8h
1734604421_crop_0.jpg,dp4db
1734604426_crop_0.jpg,fw2cn
1734604433_crop_0.jpg,bayw3
1735033788_crop_0.jpg,mwr8n
1735033791_crop_0.jpg,7nbn8
1735033793_crop_0.jpg,kf4fr
1735033795_crop_0.jpg,d52w8
1735033798_crop_0.jpg,wwx5f
1735033800_crop_0.jpg,c2ydc
1735033803_crop_0.jpg,23ga3
1735033805_crop_0.jpg,57kdg
1735033807_crop_0.jpg,76ahr
1735033810_crop_0.jpg,h5mw3
1735033812_crop_0.jpg,hrbe6
1735033814_crop_0.jpg,kc4aa
1735033817_crop_0.jpg,d2xxk
1735033819_crop_0.jpg,a5ff4
1735033821_crop_0.jpg,3yapf
1735033824_crop_0.jpg,ac4pc
1735033826_crop_0.jpg,axy77
1735033828_crop_0.jpg,b7ck5
1735033831_crop_0.jpg,2c7r4
1735033833_crop_0.jpg,a7w8p
1735033835_crop_0.jpg,fw86b
1735033838_crop_0.jpg,cp47c
1735033840_crop_0.jpg,2c25x
1735033842_crop_0.jpg,pwg6c
1735033845_crop_0.jpg,wme2y
1735033847_crop_0.jpg,7baae
1735033850_crop_0.jpg,hebw5
1735033852_crop_0.jpg,656e8
1735033854_crop_0.jpg,y33af
1735033857_crop_0.jpg,5bbfm
1735033859_crop_0.jpg,332h4
1735033861_crop_0.jpg,ka8h8
1735033864_crop_0.jpg,wx4cy
1735033866_crop_0.jpg,2ane7
1735033868_crop_0.jpg,34dar
1735033871_crop_0.jpg,h7kpd
1735033873_crop_0.jpg,bmm7x
1735033875_crop_0.jpg,xr5yp
1735033878_crop_0.jpg,3eprp
1735033880_crop_0.jpg,bgw7p
1735033883_crop_0.jpg,8cwnd
1735033885_crop_0.jpg,cby7r
1735033887_crop_0.jpg,8ehef
1735033890_crop_0.jpg,nxk83
1735033892_crop_0.jpg,7bb7b
1735033894_crop_0.jpg,a3gff
1735033897_crop_0.jpg,ka53x
1735033899_crop_0.jpg,7fw7e
1735033901_crop_0.jpg,4e6f2
1735033904_crop_0.jpg,b6hfx
1735033906_crop_0.jpg,bp5m5
1735033908_crop_0.jpg,a5e72
1735033911_crop_0.jpg,x2chx
1735033913_crop_0.jpg,gphc3
1735033915_crop_0.jpg,6m4km
1735033918_crop_0.jpg,8k5hc
1735033920_crop_0.jpg,rbae2
1735033923_crop_0.jpg,dxg67
1735033925_crop_0.jpg,aa2gm
1735033927_crop_0.jpg,5edy4
1735033930_crop_0.jpg,w4wwm
1735033932_crop_0.jpg,fgad3
1735033934_crop_0.jpg,d6knm
1735033937_crop_0.jpg,3452d
1735033939_crop_0.jpg,r3g7p
1735033941_crop_0.jpg,epay3
1735033944_crop_0.jpg,x2akm
1735033946_crop_0.jpg,627cp
1735033948_crop_0.jpg,3hrka
1735033951_crop_0.jpg,8df36
1735033953_crop_0.jpg,2dgny
1735033955_crop_0.jpg,2n2c5
1735033958_crop_0.jpg,2rwcp
1735033960_crop_0.jpg,x4rdn
1735033962_crop_0.jpg,mhgg7
1735033965_crop_0.jpg,8g386
1735033967_crop_0.jpg,dk84d
1735033970_crop_0.jpg,x5awr
1735033972_crop_0.jpg,dkc4x
1735033974_crop_0.jpg,kw7hh
1735033977_crop_0.jpg,ryw7d
1735033979_crop_0.jpg,mg3pp
1735033981_crop_0.jpg,hmkf3
1735033984_crop_0.jpg,c65b3
1735033986_crop_0.jpg,rbd4b
1735033988_crop_0.jpg,gkbh3
1735033991_crop_0.jpg,26dcf
1735033993_crop_0.jpg,5ggpr
1735033995_crop_0.jpg,nr6bc
1735033998_crop_0.jpg,44p67
1735034000_crop_0.jpg,pye7m
1735034002_crop_0.jpg,d66gp
1735034005_crop_0.jpg,em7np
1735034007_crop_0.jpg,dag2n
1735034009_crop_0.jpg,a6y5d
1735034012_crop_0.jpg,xk882
1735034014_crop_0.jpg,ne7w2
1735034017_crop_0.jpg,ma6gf
1735034019_crop_0.jpg,kaxb7
1735034021_crop_0.jpg,wb6pd
1735034024_crop_0.jpg,wkw64
1735034026_crop_0.jpg,wpx2g
1735034028_crop_0.jpg,3pyh4
1735034031_crop_0.jpg,g2mfp
